{
    "name": "root",
    "gauges": {
        "capsuleAgent.Policy.Entropy.mean": {
            "value": 1.436873197555542,
            "min": 1.4046059846878052,
            "max": 1.4540048837661743,
            "count": 180
        },
        "capsuleAgent.Policy.Entropy.sum": {
            "value": 3077.782470703125,
            "min": 2175.58837890625,
            "max": 3877.9453125,
            "count": 180
        },
        "capsuleAgent.Step.mean": {
            "value": 359975.0,
            "min": 1984.0,
            "max": 359975.0,
            "count": 180
        },
        "capsuleAgent.Step.sum": {
            "value": 359975.0,
            "min": 1984.0,
            "max": 359975.0,
            "count": 180
        },
        "capsuleAgent.Policy.ExtrinsicValueEstimate.mean": {
            "value": -0.004409415181726217,
            "min": -0.05390685424208641,
            "max": 1.7274521589279175,
            "count": 180
        },
        "capsuleAgent.Policy.ExtrinsicValueEstimate.sum": {
            "value": -0.18078601360321045,
            "min": -2.2640879154205322,
            "max": 53.55101776123047,
            "count": 180
        },
        "capsuleAgent.IsTraining.mean": {
            "value": 1.0,
            "min": 1.0,
            "max": 1.0,
            "count": 180
        },
        "capsuleAgent.IsTraining.sum": {
            "value": 1.0,
            "min": 1.0,
            "max": 1.0,
            "count": 180
        },
        "capsuleAgent.Losses.PolicyLoss.mean": {
            "value": 0.07240850779344328,
            "min": 0.04806388356955722,
            "max": 0.0843979046563618,
            "count": 170
        },
        "capsuleAgent.Losses.PolicyLoss.sum": {
            "value": 0.07240850779344328,
            "min": 0.04806388356955722,
            "max": 0.0843979046563618,
            "count": 170
        },
        "capsuleAgent.Losses.ValueLoss.mean": {
            "value": 0.003913822457252536,
            "min": 0.0003931404702598229,
            "max": 0.05893762879487541,
            "count": 170
        },
        "capsuleAgent.Losses.ValueLoss.sum": {
            "value": 0.003913822457252536,
            "min": 0.0003931404702598229,
            "max": 0.05893762879487541,
            "count": 170
        },
        "capsuleAgent.Policy.LearningRate.mean": {
            "value": 0.00029283082238972663,
            "min": 0.00029283082238972663,
            "max": 0.00029995392001536,
            "count": 170
        },
        "capsuleAgent.Policy.LearningRate.sum": {
            "value": 0.00029283082238972663,
            "min": 0.00029283082238972663,
            "max": 0.00029995392001536,
            "count": 170
        },
        "capsuleAgent.Policy.Epsilon.mean": {
            "value": 0.19761027333333334,
            "min": 0.19761027333333334,
            "max": 0.19998464000000002,
            "count": 170
        },
        "capsuleAgent.Policy.Epsilon.sum": {
            "value": 0.19761027333333334,
            "min": 0.19761027333333334,
            "max": 0.19998464000000002,
            "count": 170
        },
        "capsuleAgent.Policy.Beta.mean": {
            "value": 0.004999999999999999,
            "min": 0.004999999999999999,
            "max": 0.005,
            "count": 170
        },
        "capsuleAgent.Policy.Beta.sum": {
            "value": 0.004999999999999999,
            "min": 0.004999999999999999,
            "max": 0.005,
            "count": 170
        },
        "capsuleAgent.Environment.EpisodeLength.mean": {
            "value": 135.8,
            "min": 122.33333333333333,
            "max": 149.25,
            "count": 179
        },
        "capsuleAgent.Environment.EpisodeLength.sum": {
            "value": 2037.0,
            "min": 367.0,
            "max": 2809.0,
            "count": 179
        },
        "capsuleAgent.Environment.CumulativeReward.mean": {
            "value": -0.15909216304620108,
            "min": -0.6116697157804782,
            "max": 0.2597547646831064,
            "count": 179
        },
        "capsuleAgent.Environment.CumulativeReward.sum": {
            "value": -2.386382445693016,
            "min": -7.951706305146217,
            "max": 4.415830999612808,
            "count": 179
        },
        "capsuleAgent.Policy.ExtrinsicReward.mean": {
            "value": -0.15909216304620108,
            "min": -0.6116697157804782,
            "max": 0.2597547646831064,
            "count": 179
        },
        "capsuleAgent.Policy.ExtrinsicReward.sum": {
            "value": -2.386382445693016,
            "min": -7.951706305146217,
            "max": 4.415830999612808,
            "count": 179
        }
    },
    "metadata": {
        "timer_format_version": "0.1.0",
        "start_time_seconds": "1716916285",
        "python_version": "3.9.19 (main, Mar 21 2024, 17:21:27) [MSC v.1916 64 bit (AMD64)]",
        "command_line_arguments": "E:\\Anaconda\\envs\\MLAgents\\Scripts\\mlagents-learn config/CubeAgent.yaml --run-id=CubeAgent --force",
        "mlagents_version": "0.30.0",
        "mlagents_envs_version": "0.30.0",
        "communication_protocol_version": "1.5.0",
        "pytorch_version": "1.7.1+cu110",
        "numpy_version": "1.21.2",
        "end_time_seconds": "1716917394"
    },
    "total": 1109.4096871,
    "count": 1,
    "self": 0.0056186999997862586,
    "children": {
        "run_training.setup": {
            "total": 0.07268379999999985,
            "count": 1,
            "self": 0.07268379999999985
        },
        "TrainerController.start_learning": {
            "total": 1109.3313846,
            "count": 1,
            "self": 0.42614540000045054,
            "children": {
                "TrainerController._reset_env": {
                    "total": 12.216244,
                    "count": 1,
                    "self": 12.216244
                },
                "TrainerController.advance": {
                    "total": 1095.9985417999997,
                    "count": 22265,
                    "self": 0.35224090000974684,
                    "children": {
                        "env_step": {
                            "total": 753.7996126999915,
                            "count": 22265,
                            "self": 670.1908454999925,
                            "children": {
                                "SubprocessEnvManager._take_step": {
                                    "total": 83.3390998000045,
                                    "count": 22265,
                                    "self": 1.1682041999995505,
                                    "children": {
                                        "TorchPolicy.evaluate": {
                                            "total": 82.17089560000495,
                                            "count": 20132,
                                            "self": 82.17089560000495
                                        }
                                    }
                                },
                                "workers": {
                                    "total": 0.26966739999446254,
                                    "count": 22264,
                                    "self": 0.0,
                                    "children": {
                                        "worker_root": {
                                            "total": 1035.3847878999977,
                                            "count": 22264,
                                            "is_parallel": true,
                                            "self": 454.7115188999928,
                                            "children": {
                                                "steps_from_proto": {
                                                    "total": 0.0006497000000003084,
                                                    "count": 1,