{"count":1,"self":403.5215616,"total":636.47588039999994,"children":{"InitializeActuators":{"count":36,"self":0.0025253999999999997,"total":0.0025253999999999997,"children":null},"InitializeSensors":{"count":36,"self":0.0045838,"total":0.0045838,"children":null},"AgentSendState":{"count":78151,"self":5.2245424,"total":12.4734851,"children":{"CollectObservations":{"count":140688,"self":0.78994049999999993,"total":0.78994049999999993,"children":null},"WriteActionMask":{"count":140688,"self":0.4224927,"total":0.4224927,"children":null},"RequestDecision":{"count":140688,"self":1.5931644999999999,"total":6.0365094999999993,"children":{"AgentInfo.ToProto":{"count":140688,"self":1.1160615999999999,"total":4.443345,"children":{"GenerateSensorData":{"count":140688,"self":2.5781093999999998,"total":3.3272834,"children":{"RayPerceptionSensor.Perceive":{"count":140688,"self":0.749174,"total":0.749174,"children":null}}}}}}}}},"DecideAction":{"count":78151,"self":214.2137344,"total":214.21372979999998,"children":null},"AgentAct":{"count":78151,"self":6.2369883999999995,"total":6.2599985,"children":{"AgentInfo.ToProto":{"count":569,"self":0.0071435,"total":0.023010199999999998,"children":{"GenerateSensorData":{"count":569,"self":0.014783699999999999,"total":0.0158667,"children":{"RayPerceptionSensor.Perceive":{"count":569,"self":0.001083,"total":0.001083,"children":null}}}}}}}},"gauges":{"capsuleAgent.CumulativeReward":{"count":569,"max":52.3418961,"min":-34.9406929,"runningAverage":-2.10749722,"value":-0.149999991,"weightedAverage":-0.150066882}},"metadata":{"timer_format_version":"0.1.0","start_time_seconds":"1718563239","unity_version":"2022.3.11f1","command_line_arguments":"C:\\Program Files\\Unity\\Hub\\Editor\\2022.3.11f1\\Editor\\Unity.exe -projectpath C:\\Users\\roanh\\source\\repos\\eindproject-VR-experience -useHub -hubIPC -cloudEnvironment production -licensingIpc LicenseClient-uWcRJrZgcExBulDPspob_ -hubSessionId 346cd7d8-2f8d-434d-9194-73d2adb2f2a9 -accessToken JSC0UmLODcVuQTvA08RZd_qOzgfffsUSS_YrQj1fPz4008f","communication_protocol_version":"1.5.0","com.unity.ml-agents_version":"2.0.1","scene_name":"RoanEnvTest","end_time_seconds":"1718563875"}}