{"count":1,"self":19.1595712,"total":43.2194247,"children":{"InitializeActuators":{"count":36,"self":0.0031035999999999998,"total":0.0031035999999999998,"children":null},"InitializeSensors":{"count":36,"self":0.0030962,"total":0.0030962,"children":null},"AgentSendState":{"count":7317,"self":0.77282069999999992,"total":1.4976846,"children":{"CollectObservations":{"count":13176,"self":0.071148,"total":0.071148,"children":null},"WriteActionMask":{"count":13176,"self":0.040153299999999996,"total":0.040153299999999996,"children":null},"RequestDecision":{"count":13176,"self":0.1612403,"total":0.6135626,"children":{"AgentInfo.ToProto":{"count":13176,"self":0.0983487,"total":0.45232229999999995,"children":{"GenerateSensorData":{"count":13176,"self":0.2658619,"total":0.3539736,"children":{"RayPerceptionSensor.Perceive":{"count":13176,"self":0.0881117,"total":0.0881117,"children":null}}}}}}}}},"DecideAction":{"count":7317,"self":22.0001088,"total":22.0001082,"children":null},"AgentAct":{"count":7317,"self":0.55432569999999992,"total":0.55432569999999992,"children":null},"AgentInfo.ToProto":{"count":72,"self":0,"total":0.0010175,"children":{"GenerateSensorData":{"count":72,"self":0.00050979999999999992,"total":0.0010175,"children":{"RayPerceptionSensor.Perceive":{"count":72,"self":0.00050769999999999993,"total":0.00050769999999999993,"children":null}}}}}},"gauges":{"capsuleAgent.CumulativeReward":{"count":72,"max":0.225169092,"min":0.133614451,"runningAverage":0.171277836,"value":0.190016076,"weightedAverage":0.170263}},"metadata":{"timer_format_version":"0.1.0","start_time_seconds":"1716915874","unity_version":"2022.3.11f1","command_line_arguments":"C:\\Program Files\\Unity\\Hub\\Editor\\2022.3.11f1\\Editor\\Unity.exe -projectpath C:\\Users\\roanh\\source\\repos\\eindproject-VR-experience -useHub -hubIPC -cloudEnvironment production -licensingIpc LicenseClient-roanh -hubSessionId a507fa45-6503-4bc3-a301-465d3d7ef854 -accessToken zlG-6E0WsDnLIH6hk2_qc_DznmvNpBOO3qzamRX4AWg008f","communication_protocol_version":"1.5.0","com.unity.ml-agents_version":"2.0.1","scene_name":"RoanEnvTest","end_time_seconds":"1716915918"}}