{
    "name": "root",
    "gauges": {
        "capsuleAgent.Policy.Entropy.mean": {
            "value": 0.9452283382415771,
            "min": 0.6209689378738403,
            "max": 0.9452283382415771,
            "count": 13
        },
        "capsuleAgent.Policy.Entropy.sum": {
            "value": 1863.990234375,
            "min": 796.725830078125,
            "max": 1863.990234375,
            "count": 13
        },
        "capsuleAgent.Environment.EpisodeLength.mean": {
            "value": 150.69230769230768,
            "min": 19.114754098360656,
            "max": 150.69230769230768,
            "count": 13
        },
        "capsuleAgent.Environment.EpisodeLength.sum": {
            "value": 1959.0,
            "min": 1166.0,
            "max": 2133.0,
            "count": 13
        },
        "capsuleAgent.Step.mean": {
            "value": 451942.0,
            "min": 427988.0,
            "max": 451942.0,
            "count": 13
        },
        "capsuleAgent.Step.sum": {
            "value": 451942.0,
            "min": 427988.0,
            "max": 451942.0,
            "count": 13
        },
        "capsuleAgent.Policy.ExtrinsicValueEstimate.mean": {
            "value": 1.3651283979415894,
            "min": 0.6325605511665344,
            "max": 1.9996776580810547,
            "count": 13
        },
        "capsuleAgent.Policy.ExtrinsicValueEstimate.sum": {
            "value": 50.50975036621094,
            "min": 38.47333908081055,
            "max": 119.98065948486328,
            "count": 13
        },
        "capsuleAgent.Environment.CumulativeReward.mean": {
            "value": 3.625769285628429,
            "min": 2.4557769034344417,
            "max": 8.084105253219604,
            "count": 13
        },
        "capsuleAgent.Environment.CumulativeReward.sum": {
            "value": 47.135000713169575,
            "min": 47.135000713169575,
            "max": 352.3429999296786,
            "count": 13
        },
        "capsuleAgent.Policy.ExtrinsicReward.mean": {
            "value": 3.625769285628429,
            "min": 2.4557769034344417,
            "max": 8.084105253219604,
            "count": 13
        },
        "capsuleAgent.Policy.ExtrinsicReward.sum": {
            "value": 47.135000713169575,
            "min": 47.135000713169575,
            "max": 352.3429999296786,
            "count": 13
        },
        "capsuleAgent.IsTraining.mean": {
            "value": 1.0,
            "min": 1.0,
            "max": 1.0,
            "count": 13
        },
        "capsuleAgent.IsTraining.sum": {
            "value": 1.0,
            "min": 1.0,
            "max": 1.0,
            "count": 13
        },
        "capsuleAgent.Losses.PolicyLoss.mean": {
            "value": 0.06864315414568409,
            "min": 0.05710503606751445,
            "max": 0.0766891703242436,
            "count": 12
        },
        "capsuleAgent.Losses.PolicyLoss.sum": {
            "value": 0.06864315414568409,
            "min": 0.05710503606751445,
            "max": 0.0766891703242436,
            "count": 12
        },
        "capsuleAgent.Losses.ValueLoss.mean": {
            "value": 0.3631243546493351,
            "min": 0.16518437396734953,
            "max": 0.7656357083469629,
            "count": 12
        },
        "capsuleAgent.Losses.ValueLoss.sum": {
            "value": 0.3631243546493351,
            "min": 0.16518437396734953,
            "max": 0.7656357083469629,
            "count": 12
        },
        "capsuleAgent.Policy.LearningRate.mean": {
            "value": 0.0002909684030105333,
            "min": 0.0002909684030105333,
            "max": 0.0002914231028589667,
            "count": 12
        },
        "capsuleAgent.Policy.LearningRate.sum": {
            "value": 0.0002909684030105333,
            "min": 0.0002909684030105333,
            "max": 0.0002914231028589667,
            "count": 12
        },
        "capsuleAgent.Policy.Epsilon.mean": {
            "value": 0.1969894666666667,
            "min": 0.1969894666666667,
            "max": 0.19714103333333338,
            "count": 12
        },
        "capsuleAgent.Policy.Epsilon.sum": {
            "value": 0.1969894666666667,
            "min": 0.1969894666666667,
            "max": 0.19714103333333338,
            "count": 12
        },
        "capsuleAgent.Policy.Beta.mean": {
            "value": 0.004999999999999999,
            "min": 0.004999999999999999,
            "max": 0.004999999999999999,
            "count": 12
        },
        "capsuleAgent.Policy.Beta.sum": {
            "value": 0.004999999999999999,
            "min": 0.004999999999999999,
            "max": 0.004999999999999999,
            "count": 12
        }
    },
    "metadata": {
        "timer_format_version": "0.1.0",
        "start_time_seconds": "1718537829",
        "python_version": "3.9.18 (main, Sep 11 2023, 14:09:26) [MSC v.1916 64 bit (AMD64)]",
        "command_line_arguments": "C:\\Users\\miche\\anaconda3\\envs\\vr\\Scripts\\mlagents-learn config/CubeAgent.yaml --run-id=training --resume",
        "mlagents_version": "0.30.0",
        "mlagents_envs_version": "0.30.0",
        "communication_protocol_version": "1.5.0",
        "pytorch_version": "1.7.1+cu110",
        "numpy_version": "1.21.2",
        "end_time_seconds": "1718538471"
    },
    "total": 641.2341047,
    "count": 1,
    "self": 0.011829400000010537,
    "children": {
        "run_training.setup": {
            "total": 0.0909298999999999,
            "count": 1,
            "self": 0.0909298999999999
        },
        "TrainerController.start_learning": {
            "total": 641.1313454,
            "count": 1,
            "self": 0.6166663999960065,
            "children": {
                "TrainerController._reset_env": {
                    "total": 20.335782000000002,
                    "count": 1,
                    "self": 20.335782000000002
                },
                "TrainerController.advance": {
                    "total": 619.984409100004,
                    "count": 26132,
                    "self": 0.5428661000015609,
                    "children": {
                        "env_step": {
                            "total": 589.047475399999,
                            "count": 26132,
                            "self": 438.72181749999413,
                            "children": {
                                "SubprocessEnvManager._take_step": {
                                    "total": 149.9586798000007,
                                    "count": 26134,
                                    "self": 1.8773708999993914,
                                    "children": {
                                        "TorchPolicy.evaluate": {
                                            "total": 148.08130890000132,
                                            "count": 25514,
                                            "self": 148.08130890000132
                                        }
                                    }
                                },
                                "workers": {
                                    "total": 0.3669781000041681,
                                    "count": 26131,
                                    "self": 0.0,
                                    "children": {
                                        "worker_root": {
                                            "total": 468.2206733999979,
                                            "count": 26131,
                                            "is_parallel": true,
                                            "self": 209.91226469999822,
                                            "children": {
                                                "steps_from_proto": {
                                                    "total": 0.0018163999999920577,
                                                    "count": 3,